sim_id	query_name	number_of_results
Vir_N1_64_Ont_Opt	queries/xaa	1
Vir_N1_64_Ont_Opt	queries/xab	2
Vir_N1_64_Ont_Opt	queries/xac	1
Vir_N1_64_Ont_Opt	queries/xad	0
Vir_N1_64_Ont_Opt	queries/xae	1
Vir_N1_64_Ont_Opt	queries/xaf	0
Vir_N1_64_Ont_Opt	queries/xag	1
Vir_N1_64_Ont_Opt	queries/xah	0
Vir_N1_64_Ont_Opt	queries/xai	1
Vir_N1_64_Ont_Opt	queries/xaj	2
Vir_N1_64_Ont_Opt	queries/xak	1
Vir_N1_64_Ont_Opt	queries/xal	1
Vir_N1_64_Ont_Opt	queries/xam	0
Vir_N1_64_Ont_Opt	queries/xan	1
Vir_N1_64_Ont_Opt	queries/xao	0
Vir_N1_64_Ont_Opt	queries/xap	0
Vir_N1_64_Ont_Opt	queries/xaq	1
Vir_N1_64_Ont_Opt	queries/xar	1
Vir_N1_64_Ont_Opt	queries/xas	5
Vir_N1_64_Ont_Opt	queries/xat	1
Vir_N1_64_Ont_Opt	queries/xau	0
Vir_N1_64_Ont_Opt	queries/xav	4
Vir_N1_64_Ont_Opt	queries/xaw	1
Vir_N1_64_Ont_Opt	queries/xax	1
Vir_N1_64_Ont_Opt	queries/xay	0
Vir_N1_64_Ont_Opt	queries/xaz	1
Vir_N1_64_Ont_Opt	queries/xba	0
Vir_N1_64_Ont_Opt	queries/xbb	0
Vir_N1_64_Ont_Opt	queries/xbc	1
Vir_N1_64_Ont_Opt	queries/xbd	0
Vir_N1_64_Ont_Opt	queries/xbe	1
Vir_N1_64_Ont_Opt	queries/xbf	0
Vir_N1_64_Ont_Opt	queries/xbg	1
Vir_N1_64_Ont_Opt	queries/xbh	1
Vir_N1_64_Ont_Opt	queries/xbi	0
Vir_N1_64_Ont_Opt	queries/xbj	1
Vir_N1_64_Ont_Opt	queries/xbk	1
Vir_N1_64_Ont_Opt	queries/xbl	0
Vir_N1_64_Ont_Opt	queries/xbm	1
Vir_N1_64_Ont_Opt	queries/xbn	1
Vir_N1_64_Ont_Opt	queries/xbo	1
Vir_N1_64_Ont_Opt	queries/xbq	1
Vir_N1_64_Ont_Opt	queries/xbs	1
Vir_N1_64_Ont_Opt	queries/xbt	1
Vir_N1_64_Ont_Opt	queries/xbu	1
Vir_N1_64_Ont_Opt	queries/xbv	1
Vir_N1_64_Ont_Opt	queries/xbw	0
Vir_N1_64_Ont_Opt	queries/xbx	1
Vir_N1_64_Ont_Opt	queries/xby	0
Vir_N1_64_Ont_Opt	queries/xbz	18
Vir_N1_64_Ont_Opt	queries/xca	1
Vir_N1_64_Ont_Opt	queries/xcb	1
Vir_N1_64_Ont_Opt	queries/xcc	10
Vir_N1_64_Ont_Opt	queries/xcd	1
Vir_N1_64_Ont_Opt	queries/xce	20
Vir_N1_64_Ont_Opt	queries/xcf	1001
Vir_N1_64_Ont_Opt	queries/xcg	1
Vir_N1_64_Ont_Opt	queries/xch	1
Vir_N1_64_Ont_Opt	queries/xci	0
Vir_N1_64_Ont_Opt	queries/xcj	1
Vir_N1_64_Ont_Opt	queries/xck	1
Vir_N1_64_Ont_Opt	queries/xcl	1
Vir_N1_64_Ont_Opt	queries/xcm	1
Vir_N1_64_Ont_Opt	queries/xcn	1
Vir_N1_64_Ont_Opt	queries/xco	6
Vir_N1_64_Ont_Opt	queries/xcp	1
Vir_N1_64_Ont_Opt	queries/xcq	1
Vir_N1_64_Ont_Opt	queries/xcs	1
Vir_N1_64_Ont_Opt	queries/xct	1
Vir_N1_64_Ont_Opt	queries/xcu	1
Vir_N1_64_Ont_Opt	queries/xcv	1
Vir_N1_64_Ont_Opt	queries/xcw	1
Vir_N1_64_Ont_Opt	queries/xcx	0
Vir_N1_64_Ont_Opt	queries/xcy	1
Vir_N1_64_Ont_Opt	queries/xcz	1
Vir_N1_64_Ont_Opt	queries/xda	1
Vir_N1_64_Ont_Opt	queries/xdb	0
Vir_N1_64_Ont_Opt	queries/xdc	0
Vir_N1_64_Ont_Opt	queries/xdd	1
Vir_N1_64_Ont_Opt	queries/xde	1
Vir_N1_64_Ont_Opt	queries/xdf	0
Vir_N1_64_Ont_Opt	queries/xdg	1
Vir_N1_64_Ont_Opt	queries/xdh	0
Vir_N1_64_Ont_Opt	queries/xdi	0
Vir_N1_64_Ont_Opt	queries/xdj	1
Vir_N1_64_Ont_Opt	queries/xdk	1
Vir_N1_64_Ont_Opt	queries/xdl	1
Vir_N1_64_Ont_Opt	queries/xdm	0
Vir_N1_64_Ont_Opt	queries/xdn	0
Vir_N1_64_Ont_Opt	queries/xdo	0
Vir_N1_64_Ont_Opt	queries/xdp	0
Vir_N1_64_Ont_Opt	queries/xdq	1
Vir_N1_64_Ont_Opt	queries/xdr	1
Vir_N1_64_Ont_Opt	queries/xds	2
Vir_N1_64_Ont_Opt	queries/xdt	1
Vir_N1_64_Ont_Opt	queries/xdu	1
Vir_N1_64_Ont_Opt	queries/xdv	2
Vir_N1_64_Ont_Opt	queries/xdw	1
Vir_N1_64_Ont_Opt	queries/xdx	1
Vir_N1_64_Ont_Opt	queries/xdy	1
Vir_N1_64_Ont_Opt	queries/xdz	1
Vir_N1_64_Ont_Opt	queries/xea	1
Vir_N1_64_Ont_Opt	queries/xeb	1
Vir_N1_64_Ont_Opt	queries/xec	1
Vir_N1_64_Ont_Opt	queries/xed	18
Vir_N1_64_Ont_Opt	queries/xee	0
Vir_N1_64_Ont_Opt	queries/xef	1
Vir_N1_64_Ont_Opt	queries/xeg	18
Vir_N1_64_Ont_Opt	queries/xeh	3
Vir_N1_64_Ont_Opt	queries/xei	1
Vir_N1_64_Ont_Opt	queries/xej	18
Vir_N1_64_Ont_Opt	queries/xek	1
Vir_N1_64_Ont_Opt	queries/xem	1
Vir_N1_64_Ont_Opt	queries/xen	1
Vir_N1_64_Ont_Opt	queries/xeo	1
Vir_N1_64_Ont_Opt	queries/xep	1
Vir_N1_64_Ont_Opt	queries/xeq	1
Vir_N1_64_Ont_Opt	queries/xer	1
Vir_N1_64_Ont_Opt	queries/xes	1001
Vir_N1_64_Ont_Opt	queries/xet	0
Vir_N1_64_Ont_Opt	queries/xeu	1
Vir_N1_64_Ont_Opt	queries/xev	1
Vir_N1_64_Ont_Opt	queries/xew	1
Vir_N1_64_Ont_Opt	queries/xex	1
Vir_N1_64_Ont_Opt	queries/xey	1
Vir_N1_64_Ont_Opt	queries/xez	2
Vir_N1_64_Ont_Opt	queries/xfa	4
Vir_N1_64_Ont_Opt	queries/xfb	1
Vir_N1_64_Ont_Opt	queries/xfc	1
Vir_N1_64_Ont_Opt	queries/xfd	1
Vir_N1_64_Ont_Opt	queries/xfe	1
Vir_N1_64_Ont_Opt	queries/xff	1
Vir_N1_64_Ont_Opt	queries/xfg	1
Vir_N1_64_Ont_Opt	queries/xfh	1
Vir_N1_64_Ont_Opt	queries/xfi	1
Vir_N1_64_Ont_Opt	queries/xfj	1
Vir_N1_64_Ont_Opt	queries/xfk	1
Vir_N1_64_Ont_Opt	queries/xfl	1
Vir_N1_64_Ont_Opt	queries/xfm	1
Vir_N1_64_Ont_Opt	queries/xfn	1
Vir_N1_64_Ont_Opt	queries/xfo	1
Vir_N1_64_Ont_Opt	queries/xfp	3
Vir_N1_64_Ont_Opt	queries/xfq	1
Vir_N1_64_Ont_Opt	queries/xfr	1
Vir_N1_64_Ont_Opt	queries/xfs	1
Vir_N1_64_Ont_Opt	queries/xft	1
Vir_N1_64_Ont_Opt	queries/xfu	1
Vir_N1_64_Ont_Opt	queries/xfv	1
Vir_N1_64_Ont_Opt	queries/xfw	1
Vir_N1_64_Ont_Opt	queries/xfx	1
Vir_N1_64_Ont_Opt	queries/xfy	1
Vir_N1_64_Ont_Opt	queries/xfz	1
Vir_N1_64_Ont_Opt	queries/xga	0
Vir_N1_64_Ont_Opt	queries/xgb	0
Vir_N1_64_Ont_Opt	queries/xgc	1
Vir_N1_64_Ont_Opt	queries/xgd	0
Vir_N1_64_Ont_Opt	queries/xge	692
Vir_N1_64_Ont_Opt	queries/xgf	849
Vir_N1_64_Ont_Opt	queries/xgg	2
Vir_N1_64_Ont_Opt	queries/xgh	1
Vir_N1_64_Ont_Opt	queries/xgi	0
Vir_N1_64_Ont_Opt	queries/xgj	1
Vir_N1_64_Ont_Opt	queries/xgk	2
Vir_N1_64_Ont_Opt	queries/xgl	1
Vir_N1_64_Ont_Opt	queries/xgm	0
Vir_N1_64_Ont_Opt	queries/xgn	1
Vir_N1_64_Ont_Opt	queries/xgo	1
Vir_N1_64_Ont_Opt	queries/xgp	1
Vir_N1_64_Ont_Opt	queries/xgq	20
Vir_N1_64_Ont_Opt	queries/xgr	1
Vir_N1_64_Ont_Opt	queries/xgs	1
Vir_N1_64_Ont_Opt	queries/xgt	0
Vir_N1_64_Ont_Opt	queries/xgu	5
Vir_N1_64_Ont_Opt	queries/xgv	1
Vir_N1_64_Ont_Opt	queries/xgw	6
Vir_N1_64_Ont_Opt	queries/xgx	1
Vir_N1_64_Ont_Opt	queries/xgy	4
Vir_N1_64_Ont_Opt	queries/xgz	1
Vir_N1_64_Ont_Opt	queries/xha	0
Vir_N1_64_Ont_Opt	queries/xhb	1
Vir_N1_64_Ont_Opt	queries/xhc	1
Vir_N1_64_Ont_Opt	queries/xhd	1
Vir_N1_64_Ont_Opt	queries/xhe	1
Vir_N1_64_Ont_Opt	queries/xhf	0
Vir_N1_64_Ont_Opt	queries/xhg	1
Vir_N1_64_Ont_Opt	queries/xhh	4
Vir_N1_64_Ont_Opt	queries/xhi	1
Vir_N1_64_Ont_Opt	queries/xhj	1
Vir_N1_64_Ont_Opt	queries/xhk	1
Vir_N1_64_Ont_Opt	queries/xhl	1
Vir_N1_64_Ont_Opt	queries/xhm	1
Vir_N1_64_Ont_Opt	queries/xhn	1
Vir_N1_64_Ont_Opt	queries/xho	1
Vir_N1_64_Ont_Opt	queries/xhp	1
Vir_N1_64_Ont_Opt	queries/xhq	1
Vir_N1_64_Ont_Opt	queries/xhr	1
Vir_N1_64_Ont_Opt	queries/xhs	1
Vir_N1_64_Ont_Opt	queries/xht	0
Vir_N1_64_Ont_Opt	queries/xhu	1
Vir_N1_64_Ont_Opt	queries/xhv	1
Vir_N1_64_Ont_Opt	queries/xhw	1
Vir_N1_64_Ont_Opt	queries/xhx	1
Vir_N1_64_Ont_Opt	queries/xhy	1
Vir_N1_64_Ont_Opt	queries/xhz	1
Vir_N1_64_Ont_Opt	queries/xia	1
Vir_N1_64_Ont_Opt	queries/xib	1
Vir_N1_64_Ont_Opt	queries/xic	1
Vir_N1_64_Ont_Opt	queries/xid	1
Vir_N1_64_Ont_Opt	queries/xie	1
Vir_N1_64_Ont_Opt	queries/xif	1
Vir_N1_64_Ont_Opt	queries/xig	0
Vir_N1_64_Ont_Opt	queries/xih	3
Vir_N1_64_Ont_Opt	queries/xii	1
Vir_N1_64_Ont_Opt	queries/xij	1
Vir_N1_64_Ont_Opt	queries/xik	0
Vir_N1_64_Ont_Opt	queries/xil	0
Vir_N1_64_Ont_Opt	queries/xim	1
Vir_N1_64_Ont_Opt	queries/xin	0
Vir_N1_64_Ont_Opt	queries/xio	1
Vir_N1_64_Ont_Opt	queries/xip	1
Vir_N1_64_Ont_Opt	queries/xiq	1
Vir_N1_64_Ont_Opt	queries/xir	1
Vir_N1_64_Ont_Opt	queries/xis	2
Vir_N1_64_Ont_Opt	queries/xit	1
Vir_N1_64_Ont_Opt	queries/xiu	1
Vir_N1_64_Ont_Opt	queries/xiv	1
Vir_N1_64_Ont_Opt	queries/xiw	1
Vir_N1_64_Ont_Opt	queries/xix	1
Vir_N1_64_Ont_Opt	queries/xiy	0
Vir_N1_64_Ont_Opt	queries/xiz	1
Vir_N1_64_Ont_Opt	queries/xja	1
Vir_N1_64_Ont_Opt	queries/xjb	1
Vir_N1_64_Ont_Opt	queries/xjc	1
Vir_N1_64_Ont_Opt	queries/xjd	1
Vir_N1_64_Ont_Opt	queries/xje	1
Vir_N1_64_Ont_Opt	queries/xjf	20
Vir_N1_64_Ont_Opt	queries/xjg	1
Vir_N1_64_Ont_Opt	queries/xjh	1
Vir_N1_64_Ont_Opt	queries/xji	1
Vir_N1_64_Ont_Opt	queries/xjj	1
Vir_N1_64_Ont_Opt	queries/xjk	1
Vir_N1_64_Ont_Opt	queries/xjl	2
Vir_N1_64_Ont_Opt	queries/xjm	0
Vir_N1_64_Ont_Opt	queries/xjn	1
Vir_N1_64_Ont_Opt	queries/xjo	1
Vir_N1_64_Ont_Opt	queries/xjp	16
Vir_N1_64_Ont_Opt	queries/xjq	1
Vir_N1_64_Ont_Opt	queries/xjr	1
Vir_N1_64_Ont_Opt	queries/xjs	1
Vir_N1_64_Ont_Opt	queries/xjt	1
Vir_N1_64_Ont_Opt	queries/xju	1
Vir_N1_64_Ont_Opt	queries/xjv	1
Vir_N1_64_Ont_Opt	queries/xjw	1
Vir_N1_64_Ont_Opt	queries/xjx	0
Vir_N1_64_Ont_Opt	queries/xjy	0
Vir_N1_64_Ont_Opt	queries/xjz	1
Vir_N1_64_Ont_Opt	queries/xka	0
Vir_N1_64_Ont_Opt	queries/xkb	0
Vir_N1_64_Ont_Opt	queries/xkc	1
Vir_N1_64_Ont_Opt	queries/xkd	2
Vir_N1_64_Ont_Opt	queries/xke	1
Vir_N1_64_Ont_Opt	queries/xkf	1
Vir_N1_64_Ont_Opt	queries/xkg	1
Vir_N1_64_Ont_Opt	queries/xkh	1
Vir_N1_64_Ont_Opt	queries/xki	1
Vir_N1_64_Ont_Opt	queries/xkj	1
Vir_N1_64_Ont_Opt	queries/xkk	1
Vir_N1_64_Ont_Opt	queries/xkl	1
Vir_N1_64_Ont_Opt	queries/xkm	1
Vir_N1_64_Ont_Opt	queries/xkn	1
Vir_N1_64_Ont_Opt	queries/xko	1
Vir_N1_64_Ont_Opt	queries/xkp	1
Vir_N1_64_Ont_Opt	queries/xkq	1
Vir_N1_64_Ont_Opt	queries/xkr	1
Vir_N1_64_Ont_Opt	queries/xks	1
Vir_N1_64_Ont_Opt	queries/xkt	1
Vir_N1_64_Ont_Opt	queries/xku	1
Vir_N1_64_Ont_Opt	queries/xkv	1
Vir_N1_64_Ont_Opt	queries/xkw	2
Vir_N1_64_Ont_Opt	queries/xkx	1
Vir_N1_64_Ont_Opt	queries/xky	1
Vir_N1_64_Ont_Opt	queries/xkz	1
Vir_N1_64_Ont_Opt	queries/xla	0
Vir_N1_64_Ont_Opt	queries/xlb	0
Vir_N1_64_Ont_Opt	queries/xlc	1
Vir_N1_64_Ont_Opt	queries/xld	1
Vir_N1_64_Ont_Opt	queries/xle	0
Vir_N1_64_Ont_Opt	queries/xlf	0
Vir_N1_64_Ont_Opt	queries/xlg	1
Vir_N1_64_Ont_Opt	queries/xlh	1
Vir_N1_64_Ont_Opt	queries/xli	0
Vir_N1_64_Ont_Opt	queries/xlj	0
Vir_N1_64_Ont_Opt	queries/xlk	1
Vir_N1_64_Ont_Opt	queries/xll	1
Vir_N1_64_Ont_Opt	queries/xlm	2
Vir_N1_64_Ont_Opt	queries/xln	0
Vir_N1_64_Ont_Opt	queries/xlo	1
Vir_N1_64_Ont_Opt	queries/xlp	2
Vir_N1_64_Ont_Opt	queries/xlq	1
Vir_N1_64_Ont_Opt	queries/xlr	1
Vir_N1_64_Ont_Opt	queries/xls	4
Vir_N1_64_Ont_Opt	queries/xlt	1
Vir_N1_64_Ont_Opt	queries/xlu	1
Vir_N1_64_Ont_Opt	queries/xlv	0
Vir_N1_64_Ont_Opt	queries/xlw	2
Vir_N1_64_Ont_Opt	queries/xlx	1
Vir_N1_64_Ont_Opt	queries/xly	3
Vir_N1_64_Ont_Opt	queries/xlz	0
Vir_N1_64_Ont_Opt	queries/xma	0
Vir_N1_64_Ont_Opt	queries/xmb	1
Vir_N1_64_Ont_Opt	queries/xmc	20
Vir_N1_64_Ont_Opt	queries/xme	14
Vir_N1_64_Ont_Opt	queries/xmf	0
Vir_N1_64_Ont_Opt	queries/xmg	1
Vir_N1_64_Ont_Opt	queries/xmh	1
Vir_N1_64_Ont_Opt	queries/xmi	1
Vir_N1_64_Ont_Opt	queries/xmj	1
Vir_N1_64_Ont_Opt	queries/xmk	1
Vir_N1_64_Ont_Opt	queries/xml	1
Vir_N1_64_Ont_Opt	queries/xmm	1
Vir_N1_64_Ont_Opt	queries/xmn	1
Vir_N1_64_Ont_Opt	queries/xmo	0
Vir_N1_64_Ont_Opt	queries/xmp	1
Vir_N1_64_Ont_Opt	queries/xmq	1
Vir_N1_64_Ont_Opt	queries/xmr	1
Vir_N1_64_Ont_Opt	queries/xms	1
Vir_N1_64_Ont_Opt	queries/xmt	18
Vir_N1_64_Ont_Opt	queries/xmu	2
Vir_N1_64_Ont_Opt	queries/xmv	1
Vir_N1_64_Ont_Opt	queries/xmw	1
Vir_N1_64_Ont_Opt	queries/xmx	1
Vir_N1_64_Ont_Opt	queries/xmy	0
Vir_N1_64_Ont_Opt	queries/xmz	20
Vir_N1_64_Ont_Opt	queries/xna	0
Vir_N1_64_Ont_Opt	queries/xnb	1
Vir_N1_64_Ont_Opt	queries/xnc	1
Vir_N1_64_Ont_Opt	queries/xnd	1
Vir_N1_64_Ont_Opt	queries/xne	1
Vir_N1_64_Ont_Opt	queries/xnf	0
Vir_N1_64_Ont_Opt	queries/xng	1
Vir_N1_64_Ont_Opt	queries/xnh	0
Vir_N1_64_Ont_Opt	queries/xni	1
Vir_N1_64_Ont_Opt	queries/xnj	0
Vir_N1_64_Ont_Opt	queries/xnk	0
Vir_N1_64_Ont_Opt	queries/xnl	1
Vir_N1_64_Ont_Opt	queries/xnm	0
Vir_N1_64_Ont_Opt	queries/xnn	1
Vir_N1_64_Ont_Opt	queries/xno	1
Vir_N1_64_Ont_Opt	queries/xnp	0
Vir_N1_64_Ont_Opt	queries/xnq	1
Vir_N1_64_Ont_Opt	queries/xnr	1
Vir_N1_64_Ont_Opt	queries/xns	0
Vir_N1_64_Ont_Opt	queries/xnt	1
Vir_N1_64_Ont_Opt	queries/xnu	1
Vir_N1_64_Ont_Opt	queries/xnv	1
Vir_N1_64_Ont_Opt	queries/xnw	1
Vir_N1_64_Ont_Opt	queries/xnx	7
Vir_N1_64_Ont_Opt	queries/xny	1
Vir_N1_64_Ont_Opt	queries/xnz	1
Vir_N1_64_Ont_Opt	queries/xoa	1
Vir_N1_64_Ont_Opt	queries/xob	0
Vir_N1_64_Ont_Opt	queries/xoc	1
Vir_N1_64_Ont_Opt	queries/xod	1
Vir_N1_64_Ont_Opt	queries/xoe	1
Vir_N1_64_Ont_Opt	queries/xof	1
Vir_N1_64_Ont_Opt	queries/xog	1
Vir_N1_64_Ont_Opt	queries/xoh	0
Vir_N1_64_Ont_Opt	queries/xoi	39531
Vir_N1_64_Ont_Opt	queries/xoj	0
Vir_N1_64_Ont_Opt	queries/xok	1
Vir_N1_64_Ont_Opt	queries/xol	1
Vir_N1_64_Ont_Opt	queries/xom	4
Vir_N1_64_Ont_Opt	queries/xon	1
Vir_N1_64_Ont_Opt	queries/xoo	3
Vir_N1_64_Ont_Opt	queries/xop	1
Vir_N1_64_Ont_Opt	queries/xoq	1
Vir_N1_64_Ont_Opt	queries/xor	0
Vir_N1_64_Ont_Opt	queries/xos	1
Vir_N1_64_Ont_Opt	queries/xot	1
Vir_N1_64_Ont_Opt	queries/xou	1
Vir_N1_64_Ont_Opt	queries/xov	1
Vir_N1_64_Ont_Opt	queries/xow	0
Vir_N1_64_Ont_Opt	queries/xox	1
Vir_N1_64_Ont_Opt	queries/xoy	0
Vir_N1_64_Ont_Opt	queries/xoz	0
Vir_N1_64_Ont_Opt	queries/xpa	1
Vir_N1_64_Ont_Opt	queries/xpb	0
Vir_N1_64_Ont_Opt	queries/xpc	1
Vir_N1_64_Ont_Opt	queries/xpd	5
Vir_N1_64_Ont_Opt	queries/xpe	1
Vir_N1_64_Ont_Opt	queries/xpf	1
Vir_N1_64_Ont_Opt	queries/xpg	1
Vir_N1_64_Ont_Opt	queries/xph	1
Vir_N1_64_Ont_Opt	queries/xpi	1
Vir_N1_64_Ont_Opt	queries/xpj	1
Vir_N1_64_Ont_Opt	queries/xpk	1
Vir_N1_64_Ont_Opt	queries/xpl	1
Vir_N1_64_Ont_Opt	queries/xpm	0
Vir_N1_64_Ont_Opt	queries/xpn	1
Vir_N1_64_Ont_Opt	queries/xpo	1
Vir_N1_64_Ont_Opt	queries/xpp	2
Vir_N1_64_Ont_Opt	queries/xpq	1
Vir_N1_64_Ont_Opt	queries/xpr	2
Vir_N1_64_Ont_Opt	queries/xps	1
Vir_N1_64_Ont_Opt	queries/xpt	0
Vir_N1_64_Ont_Opt	queries/xpu	0
Vir_N1_64_Ont_Opt	queries/xpv	1
Vir_N1_64_Ont_Opt	queries/xpw	1
Vir_N1_64_Ont_Opt	queries/xpx	1
Vir_N1_64_Ont_Opt	queries/xpy	1
Vir_N1_64_Ont_Opt	queries/xpz	1
Vir_N1_64_Ont_Opt	queries/xqa	1
Vir_N1_64_Ont_Opt	queries/xqb	1
Vir_N1_64_Ont_Opt	queries/xqc	1
Vir_N1_64_Ont_Opt	queries/xqd	0
Vir_N1_64_Ont_Opt	queries/xqe	1
Vir_N1_64_Ont_Opt	queries/xqf	1048576
Vir_N1_64_Ont_Opt	queries/xqg	1
Vir_N1_64_Ont_Opt	queries/xqh	3
Vir_N1_64_Ont_Opt	queries/xqi	23
Vir_N1_64_Ont_Opt	queries/xqj	3
Vir_N1_64_Ont_Opt	queries/xqk	1
Vir_N1_64_Ont_Opt	queries/xql	1
Vir_N1_64_Ont_Opt	queries/xqm	1
Vir_N1_64_Ont_Opt	queries/xqn	1
Vir_N1_64_Ont_Opt	queries/xqo	3
Vir_N1_64_Ont_Opt	queries/xqp	1
Vir_N1_64_Ont_Opt	queries/xqq	1
Vir_N1_64_Ont_Opt	queries/xqr	1
Vir_N1_64_Ont_Opt	queries/xqs	1
Vir_N1_64_Ont_Opt	queries/xqt	1
Vir_N1_64_Ont_Opt	queries/xqu	7
Vir_N1_64_Ont_Opt	queries/xqv	1
Vir_N1_64_Ont_Opt	queries/xqw	0
Vir_N1_64_Ont_Opt	queries/xqx	1
Vir_N1_64_Ont_Opt	queries/xqy	1
Vir_N1_64_Ont_Opt	queries/xqz	2
Vir_N1_64_Ont_Opt	queries/xra	1
Vir_N1_64_Ont_Opt	queries/xrb	20
Vir_N1_64_Ont_Opt	queries/xrc	1
Vir_N1_64_Ont_Opt	queries/xrd	1
Vir_N1_64_Ont_Opt	queries/xre	1
Vir_N1_64_Ont_Opt	queries/xrf	0
Vir_N1_64_Ont_Opt	queries/xrg	14
Vir_N1_64_Ont_Opt	queries/xrh	0
Vir_N1_64_Ont_Opt	queries/xri	1
Vir_N1_64_Ont_Opt	queries/xrj	1
Vir_N1_64_Ont_Opt	queries/xrk	1
Vir_N1_64_Ont_Opt	queries/xrl	1
Vir_N1_64_Ont_Opt	queries/xrm	1
Vir_N1_64_Ont_Opt	queries/xrn	0
Vir_N1_64_Ont_Opt	queries/xro	1
Vir_N1_64_Ont_Opt	queries/xrp	1
Vir_N1_64_Ont_Opt	queries/xrq	0
Vir_N1_64_Ont_Opt	queries/xrr	1
Vir_N1_64_Ont_Opt	queries/xrs	0
Vir_N1_64_Ont_Opt	queries/xrt	0
Vir_N1_64_Ont_Opt	queries/xru	1
Vir_N1_64_Ont_Opt	queries/xrv	1
Vir_N1_64_Ont_Opt	queries/xrw	1
Vir_N1_64_Ont_Opt	queries/xrx	1
Vir_N1_64_Ont_Opt	queries/xry	1
Vir_N1_64_Ont_Opt	queries/xrz	1
Vir_N1_64_Ont_Opt	queries/xsa	1
Vir_N1_64_Ont_Opt	queries/xsb	1
Vir_N1_64_Ont_Opt	queries/xsc	0
Vir_N1_64_Ont_Opt	queries/xsd	1
Vir_N1_64_Ont_Opt	queries/xse	0
Vir_N1_64_Ont_Opt	queries/xsf	0
Vir_N1_64_Ont_Opt	queries/xsg	1
Vir_N1_64_Ont_Opt	queries/xsh	1
Vir_N1_64_Ont_Opt	queries/xsi	1001
Vir_N1_64_Ont_Opt	queries/xsj	1
Vir_N1_64_Ont_Opt	queries/xsk	1
Vir_N1_64_Ont_Opt	queries/xsl	1
Vir_N1_64_Ont_Opt	queries/xsm	1
Vir_N1_64_Ont_Opt	queries/xsn	1
Vir_N1_64_Ont_Opt	queries/xso	1
Vir_N1_64_Ont_Opt	queries/xsp	0
Vir_N1_64_Ont_Opt	queries/xsq	1
Vir_N1_64_Ont_Opt	queries/xsr	1
Vir_N1_64_Ont_Opt	queries/xss	1
Vir_N1_64_Ont_Opt	queries/xst	1
Vir_N1_64_Ont_Opt	queries/xsu	1
Vir_N1_64_Ont_Opt	queries/xsv	0
Vir_N1_64_Ont_Opt	queries/xsw	0
Vir_N1_64_Ont_Opt	queries/xsx	0
Vir_N1_64_Ont_Opt	queries/xsy	0
Vir_N1_64_Ont_Opt	queries/xsz	0
Vir_N1_64_Ont_Opt	queries/xta	1
Vir_N1_64_Ont_Opt	queries/xtb	1
Vir_N1_64_Ont_Opt	queries/xtc	1
Vir_N1_64_Ont_Opt	queries/xtd	1
Vir_N1_64_Ont_Opt	queries/xte	1
Vir_N1_64_Ont_Opt	queries/xtf	1
Vir_N1_64_Ont_Opt	queries/xtg	1
Vir_N1_64_Ont_Opt	queries/xth	1
Vir_N1_64_Ont_Opt	queries/xti	1
Vir_N1_64_Ont_Opt	queries/xtj	1
Vir_N1_64_Ont_Opt	queries/xtk	1
Vir_N1_64_Ont_Opt	queries/xtl	3
Vir_N1_64_Ont_Opt	queries/xtm	0
Vir_N1_64_Ont_Opt	queries/xtn	1
Vir_N1_64_Ont_Opt	queries/xto	1
Vir_N1_64_Ont_Opt	queries/xtp	1
Vir_N1_64_Ont_Opt	queries/xtq	0
Vir_N1_64_Ont_Opt	queries/xtr	1
Vir_N1_64_Ont_Opt	queries/xts	1
Vir_N1_64_Ont_Opt	queries/xtt	1
Vir_N1_64_Ont_Opt	queries/xtu	3
Vir_N1_64_Ont_Opt	queries/xtv	6
Vir_N1_64_Ont_Opt	queries/xtw	2
Vir_N1_64_Ont_Opt	queries/xtx	1
Vir_N1_64_Ont_Opt	queries/xty	1
Vir_N1_64_Ont_Opt	queries/xtz	1
Vir_N1_64_Ont_Opt	queries/xua	1
Vir_N1_64_Ont_Opt	queries/xub	1
Vir_N1_64_Ont_Opt	queries/xuc	1
Vir_N1_64_Ont_Opt	queries/xud	1
Vir_N1_64_Ont_Opt	queries/xue	1
Vir_N1_64_Ont_Opt	queries/xuf	0
Vir_N1_64_Ont_Opt	queries/xug	1
Vir_N1_64_Ont_Opt	queries/xui	1
Vir_N1_64_Ont_Opt	queries/xuj	0
Vir_N1_64_Ont_Opt	queries/xuk	20
Vir_N1_64_Ont_Opt	queries/xul	1
Vir_N1_64_Ont_Opt	queries/xum	1
Vir_N1_64_Ont_Opt	queries/xun	1
Vir_N1_64_Ont_Opt	queries/xuo	1
Vir_N1_64_Ont_Opt	queries/xup	1001
Vir_N1_64_Ont_Opt	queries/xuq	1
Vir_N1_64_Ont_Opt	queries/xur	1
Vir_N1_64_Ont_Opt	queries/xus	1
Vir_N1_64_Ont_Opt	queries/xut	1
Vir_N1_64_Ont_Opt	queries/xuu	1001
Vir_N1_64_Ont_Opt	queries/xuv	1
Vir_N1_64_Ont_Opt	queries/xuw	1
Vir_N1_64_Ont_Opt	queries/xux	1
Vir_N1_64_Ont_Opt	queries/xuy	0
Vir_N1_64_Ont_Opt	queries/xuz	3
Vir_N1_64_Ont_Opt	queries/xva	0
Vir_N1_64_Ont_Opt	queries/xvb	1
Vir_N1_64_Ont_Opt	queries/xvc	1
Vir_N1_64_Ont_Opt	queries/xvd	1
Vir_N1_64_Ont_Opt	queries/xve	1
Vir_N1_64_Ont_Opt	queries/xvf	1048576
Vir_N1_64_Ont_Opt	queries/xvg	1
Vir_N1_64_Ont_Opt	queries/xvh	1
Vir_N1_64_Ont_Opt	queries/xvi	1
Vir_N1_64_Ont_Opt	queries/xvj	1
Vir_N1_64_Ont_Opt	queries/xvk	1
Vir_N1_64_Ont_Opt	queries/xvl	1
Vir_N1_64_Ont_Opt	queries/xvm	0
Vir_N1_64_Ont_Opt	queries/xvn	1
Vir_N1_64_Ont_Opt	queries/xvo	1
Vir_N1_64_Ont_Opt	queries/xvp	1
Vir_N1_64_Ont_Opt	queries/xvq	1
Vir_N1_64_Ont_Opt	queries/xvr	1
Vir_N1_64_Ont_Opt	queries/xvs	1
Vir_N1_64_Ont_Opt	queries/xvt	1
Vir_N1_64_Ont_Opt	queries/xvu	1
Vir_N1_64_Ont_Opt	queries/xvv	1
Vir_N1_64_Ont_Opt	queries/xvw	1
Vir_N1_64_Ont_Opt	queries/xvx	1
Vir_N1_64_Ont_Opt	queries/xvy	1
Vir_N1_64_Ont_Opt	queries/xvz	1
Vir_N1_64_Ont_Opt	queries/xwa	1
Vir_N1_64_Ont_Opt	queries/xwb	1
Vir_N1_64_Ont_Opt	queries/xwc	1
Vir_N1_64_Ont_Opt	queries/xwd	0
Vir_N1_64_Ont_Opt	queries/xwe	1
Vir_N1_64_Ont_Opt	queries/xwf	2
Vir_N1_64_Ont_Opt	queries/xwg	1
Vir_N1_64_Ont_Opt	queries/xwh	1
Vir_N1_64_Ont_Opt	queries/xwi	1
Vir_N1_64_Ont_Opt	queries/xwj	0
Vir_N1_64_Ont_Opt	queries/xwk	20
Vir_N1_64_Ont_Opt	queries/xwl	0
Vir_N1_64_Ont_Opt	queries/xwm	1
Vir_N1_64_Ont_Opt	queries/xwn	0
Vir_N1_64_Ont_Opt	queries/xwo	1
Vir_N1_64_Ont_Opt	queries/xwp	1
Vir_N1_64_Ont_Opt	queries/xwq	1
Vir_N1_64_Ont_Opt	queries/xwr	1
Vir_N1_64_Ont_Opt	queries/xws	0
Vir_N1_64_Ont_Opt	queries/xwt	0
Vir_N1_64_Ont_Opt	queries/xwu	1
Vir_N1_64_Ont_Opt	queries/xwv	1
Vir_N1_64_Ont_Opt	queries/xww	5
Vir_N1_64_Ont_Opt	queries/xwx	0
Vir_N1_64_Ont_Opt	queries/xwy	0
Vir_N1_64_Ont_Opt	queries/xwz	1
Vir_N1_64_Ont_Opt	queries/xxa	2
Vir_N1_64_Ont_Opt	queries/xxb	1
Vir_N1_64_Ont_Opt	queries/xxc	0
Vir_N1_64_Ont_Opt	queries/xxd	1
Vir_N1_64_Ont_Opt	queries/xxe	1
Vir_N1_64_Ont_Opt	queries/xxf	1
Vir_N1_64_Ont_Opt	queries/xxg	0
Vir_N1_64_Ont_Opt	queries/xxh	1
Vir_N1_64_Ont_Opt	queries/xxi	1
Vir_N1_64_Ont_Opt	queries/xxj	1
Vir_N1_64_Ont_Opt	queries/xxk	1
Vir_N1_64_Ont_Opt	queries/xxl	1
Vir_N1_64_Ont_Opt	queries/xxm	1
Vir_N1_64_Ont_Opt	queries/xxn	0
Vir_N1_64_Ont_Opt	queries/xxo	0
Vir_N1_64_Ont_Opt	queries/xxp	1
Vir_N1_64_Ont_Opt	queries/xxq	1
Vir_N1_64_Ont_Opt	queries/xxr	0
Vir_N1_64_Ont_Opt	queries/xxs	1
Vir_N1_64_Ont_Opt	queries/xxt	1
Vir_N1_64_Ont_Opt	queries/xxu	1
Vir_N1_64_Ont_Opt	queries/xxv	1
Vir_N1_64_Ont_Opt	queries/xxw	0
Vir_N1_64_Ont_Opt	queries/xxx	0
Vir_N1_64_Ont_Opt	queries/xxy	1
Vir_N1_64_Ont_Opt	queries/xxz	20
Vir_N1_64_Ont_Opt	queries/xya	1
Vir_N1_64_Ont_Opt	queries/xyb	0
Vir_N1_64_Ont_Opt	queries/xyc	1
Vir_N1_64_Ont_Opt	queries/xyd	1
Vir_N1_64_Ont_Opt	queries/xye	7
Vir_N1_64_Ont_Opt	queries/xyf	1
Vir_N1_64_Ont_Opt	queries/xyg	0
Vir_N1_64_Ont_Opt	queries/xyh	1
Vir_N1_64_Ont_Opt	queries/xyi	0
Vir_N1_64_Ont_Opt	queries/xyj	0
Vir_N1_64_Ont_Opt	queries/xyk	1
Vir_N1_64_Ont_Opt	queries/xyl	0
Vir_N1_64_Ont_Opt	queries/xym	17
Vir_N1_64_Ont_Opt	queries/xyn	1
Vir_N1_64_Ont_Opt	queries/xyo	0
Vir_N1_64_Ont_Opt	queries/xyp	0
Vir_N1_64_Ont_Opt	queries/xyq	1
Vir_N1_64_Ont_Opt	queries/xyr	1
Vir_N1_64_Ont_Opt	queries/xys	1
Vir_N1_64_Ont_Opt	queries/xyt	1
Vir_N1_64_Ont_Opt	queries/xyu	1
Vir_N1_64_Ont_Opt	queries/xyv	1
Vir_N1_64_Ont_Opt	queries/xyw	1
Vir_N1_64_Ont_Opt	queries/xyx	6
Vir_N1_64_Ont_Opt	queries/xyz	1
Vir_N1_64_Ont_Opt	queries/xzaaa	1
Vir_N1_64_Ont_Opt	queries/xzaab	1
Vir_N1_64_Ont_Opt	queries/xzaac	1
Vir_N1_64_Ont_Opt	queries/xzaad	2
Vir_N1_64_Ont_Opt	queries/xzaae	1001
Vir_N1_64_Ont_Opt	queries/xzaaf	0
Vir_N1_64_Ont_Opt	queries/xzaag	163
Vir_N1_64_Ont_Opt	queries/xzaah	0
Vir_N1_64_Ont_Opt	queries/xzaai	1
Vir_N1_64_Ont_Opt	queries/xzaaj	0
Vir_N1_64_Ont_Opt	queries/xzaak	1
Vir_N1_64_Ont_Opt	queries/xzaal	1
Vir_N1_64_Ont_Opt	queries/xzaam	0
Vir_N1_64_Ont_Opt	queries/xzaan	1
Vir_N1_64_Ont_Opt	queries/xzaao	1
Vir_N1_64_Ont_Opt	queries/xzaap	1
Vir_N1_64_Ont_Opt	queries/xzaaq	1
Vir_N1_64_Ont_Opt	queries/xzaar	1
Vir_N1_64_Ont_Opt	queries/xzaas	1
Vir_N1_64_Ont_Opt	queries/xzaat	2
Vir_N1_64_Ont_Opt	queries/xzaau	1
Vir_N1_64_Ont_Opt	queries/xzaav	1001
Vir_N1_64_Ont_Opt	queries/xzaaw	1
Vir_N1_64_Ont_Opt	queries/xzaax	1
Vir_N1_64_Ont_Opt	queries/xzaay	1
Vir_N1_64_Ont_Opt	queries/xzaaz	0
Vir_N1_64_Ont_Opt	queries/xzaba	1
Vir_N1_64_Ont_Opt	queries/xzabb	1
Vir_N1_64_Ont_Opt	queries/xzabc	1
Vir_N1_64_Ont_Opt	queries/xzabd	18
Vir_N1_64_Ont_Opt	queries/xzabe	1
Vir_N1_64_Ont_Opt	queries/xzabf	18
Vir_N1_64_Ont_Opt	queries/xzabg	1
Vir_N1_64_Ont_Opt	queries/xzabh	1
Vir_N1_64_Ont_Opt	queries/xzabi	1
Vir_N1_64_Ont_Opt	queries/xzabj	0
Vir_N1_64_Ont_Opt	queries/xzabl	1
Vir_N1_64_Ont_Opt	queries/xzabm	1
Vir_N1_64_Ont_Opt	queries/xzabn	1
Vir_N1_64_Ont_Opt	queries/xzabo	1
Vir_N1_64_Ont_Opt	queries/xzabp	1
Vir_N1_64_Ont_Opt	queries/xzabq	1
Vir_N1_64_Ont_Opt	queries/xzabr	1
Vir_N1_64_Ont_Opt	queries/xzabs	1
Vir_N1_64_Ont_Opt	queries/xzabt	1
Vir_N1_64_Ont_Opt	queries/xzabu	0
Vir_N1_64_Ont_Opt	queries/xzabv	1
Vir_N1_64_Ont_Opt	queries/xzabw	0
Vir_N1_64_Ont_Opt	queries/xzabx	1
Vir_N1_64_Ont_Opt	queries/xzaby	1
Vir_N1_64_Ont_Opt	queries/xzabz	0
Vir_N1_64_Ont_Opt	queries/xzaca	1
Vir_N1_64_Ont_Opt	queries/xzacb	1
Vir_N1_64_Ont_Opt	queries/xzacc	18
Vir_N1_64_Ont_Opt	queries/xzacd	2
Vir_N1_64_Ont_Opt	queries/xzace	41
Vir_N1_64_Ont_Opt	queries/xzacf	0
Vir_N1_64_Ont_Opt	queries/xzacg	1
Vir_N1_64_Ont_Opt	queries/xzach	1
Vir_N1_64_Ont_Opt	queries/xzaci	1
Vir_N1_64_Ont_Opt	queries/xzacj	0
Vir_N1_64_Ont_Opt	queries/xzack	1
Vir_N1_64_Ont_Opt	queries/xzacl	1
Vir_N1_64_Ont_Opt	queries/xzacm	1
Vir_N1_64_Ont_Opt	queries/xzacn	1
Vir_N1_64_Ont_Opt	queries/xzaco	1
Vir_N1_64_Ont_Opt	queries/xzacp	0
Vir_N1_64_Ont_Opt	queries/xzacq	1
Vir_N1_64_Ont_Opt	queries/xzacr	1
Vir_N1_64_Ont_Opt	queries/xzacs	1
Vir_N1_64_Ont_Opt	queries/xzact	0
Vir_N1_64_Ont_Opt	queries/xzacu	1
Vir_N1_64_Ont_Opt	queries/xzacv	1
Vir_N1_64_Ont_Opt	queries/xzacw	1
Vir_N1_64_Ont_Opt	queries/xzacx	1
Vir_N1_64_Ont_Opt	queries/xzacy	1
Vir_N1_64_Ont_Opt	queries/xzacz	1
Vir_N1_64_Ont_Opt	queries/xzada	1
Vir_N1_64_Ont_Opt	queries/xzadb	0
Vir_N1_64_Ont_Opt	queries/xzadc	2
Vir_N1_64_Ont_Opt	queries/xzadd	1
Vir_N1_64_Ont_Opt	queries/xzade	1
Vir_N1_64_Ont_Opt	queries/xzadg	1
Vir_N1_64_Ont_Opt	queries/xzadh	1
Vir_N1_64_Ont_Opt	queries/xzadi	1
Vir_N1_64_Ont_Opt	queries/xzadj	1
Vir_N1_64_Ont_Opt	queries/xzadk	1
Vir_N1_64_Ont_Opt	queries/xzadl	1
Vir_N1_64_Ont_Opt	queries/xzadm	0
Vir_N1_64_Ont_Opt	queries/xzadn	5
Vir_N1_64_Ont_Opt	queries/xzado	0
Vir_N1_64_Ont_Opt	queries/xzadp	0
Vir_N1_64_Ont_Opt	queries/xzadq	0
Vir_N1_64_Ont_Opt	queries/xzadr	1
Vir_N1_64_Ont_Opt	queries/xzads	6
Vir_N1_64_Ont_Opt	queries/xzadt	1
Vir_N1_64_Ont_Opt	queries/xzadu	1
Vir_N1_64_Ont_Opt	queries/xzadv	1
Vir_N1_64_Ont_Opt	queries/xzadw	1
Vir_N1_64_Ont_Opt	queries/xzadx	1
Vir_N1_64_Ont_Opt	queries/xzady	1
Vir_N1_64_Ont_Opt	queries/xzadz	0
Vir_N1_64_Ont_Opt	queries/xzaea	1
Vir_N1_64_Ont_Opt	queries/xzaeb	7
Vir_N1_64_Ont_Opt	queries/xzaec	1
Vir_N1_64_Ont_Opt	queries/xzaed	1
Vir_N1_64_Ont_Opt	queries/xzaee	0
Vir_N1_64_Ont_Opt	queries/xzaef	1
Vir_N1_64_Ont_Opt	queries/xzaeh	1
Vir_N1_64_Ont_Opt	queries/xzaei	1
Vir_N1_64_Ont_Opt	queries/xzaej	1
Vir_N1_64_Ont_Opt	queries/xzaek	1
Vir_N1_64_Ont_Opt	queries/xzael	1
Vir_N1_64_Ont_Opt	queries/xzaem	1
Vir_N1_64_Ont_Opt	queries/xzaen	1
Vir_N1_64_Ont_Opt	queries/xzaeo	1
Vir_N1_64_Ont_Opt	queries/xzaep	1
Vir_N1_64_Ont_Opt	queries/xzaeq	1
Vir_N1_64_Ont_Opt	queries/xzaer	1
Vir_N1_64_Ont_Opt	queries/xzaes	1
Vir_N1_64_Ont_Opt	queries/xzaet	1
Vir_N1_64_Ont_Opt	queries/xzaeu	1
Vir_N1_64_Ont_Opt	queries/xzaev	1
Vir_N1_64_Ont_Opt	queries/xzaew	1
Vir_N1_64_Ont_Opt	queries/xzaex	1
Vir_N1_64_Ont_Opt	queries/xzaey	18
Vir_N1_64_Ont_Opt	queries/xzaez	1
Vir_N1_64_Ont_Opt	queries/xzafa	1
Vir_N1_64_Ont_Opt	queries/xzafb	0
Vir_N1_64_Ont_Opt	queries/xzafc	1
Vir_N1_64_Ont_Opt	queries/xzafd	1
Vir_N1_64_Ont_Opt	queries/xzafe	1
Vir_N1_64_Ont_Opt	queries/xzaff	1
Vir_N1_64_Ont_Opt	queries/xzafg	0
Vir_N1_64_Ont_Opt	queries/xzafh	1
Vir_N1_64_Ont_Opt	queries/xzafi	1
Vir_N1_64_Ont_Opt	queries/xzafj	0
Vir_N1_64_Ont_Opt	queries/xzafk	1
Vir_N1_64_Ont_Opt	queries/xzafl	0
Vir_N1_64_Ont_Opt	queries/xzafm	6
Vir_N1_64_Ont_Opt	queries/xzafn	1
Vir_N1_64_Ont_Opt	queries/xzafo	1
Vir_N1_64_Ont_Opt	queries/xzafp	0
Vir_N1_64_Ont_Opt	queries/xzafq	1
Vir_N1_64_Ont_Opt	queries/xzafr	0
Vir_N1_64_Ont_Opt	queries/xzafs	1
Vir_N1_64_Ont_Opt	queries/xzaft	1
Vir_N1_64_Ont_Opt	queries/xzafu	1
Vir_N1_64_Ont_Opt	queries/xzafv	1
Vir_N1_64_Ont_Opt	queries/xzafw	1
Vir_N1_64_Ont_Opt	queries/xzafx	0
Vir_N1_64_Ont_Opt	queries/xzafy	1
Vir_N1_64_Ont_Opt	queries/xzafz	1
Vir_N1_64_Ont_Opt	queries/xzaga	0
Vir_N1_64_Ont_Opt	queries/xzagb	0
Vir_N1_64_Ont_Opt	queries/xzagc	1
Vir_N1_64_Ont_Opt	queries/xzagd	1
Vir_N1_64_Ont_Opt	queries/xzage	1
Vir_N1_64_Ont_Opt	queries/xzagf	0
Vir_N1_64_Ont_Opt	queries/xzagg	1
Vir_N1_64_Ont_Opt	queries/xzagh	7
Vir_N1_64_Ont_Opt	queries/xzagi	1
Vir_N1_64_Ont_Opt	queries/xzagj	1
Vir_N1_64_Ont_Opt	queries/xzagk	1
Vir_N1_64_Ont_Opt	queries/xzagl	1
Vir_N1_64_Ont_Opt	queries/xzagm	1
Vir_N1_64_Ont_Opt	queries/xzagn	2
Vir_N1_64_Ont_Opt	queries/xzago	1
Vir_N1_64_Ont_Opt	queries/xzagp	1
Vir_N1_64_Ont_Opt	queries/xzagq	1
Vir_N1_64_Ont_Opt	queries/xzagr	1
Vir_N1_64_Ont_Opt	queries/xzags	1
Vir_N1_64_Ont_Opt	queries/xzagt	1
Vir_N1_64_Ont_Opt	queries/xzagu	2
Vir_N1_64_Ont_Opt	queries/xzagv	1
Vir_N1_64_Ont_Opt	queries/xzagw	1
Vir_N1_64_Ont_Opt	queries/xzagx	0
Vir_N1_64_Ont_Opt	queries/xzagy	1
Vir_N1_64_Ont_Opt	queries/xzagz	0
Vir_N1_64_Ont_Opt	queries/xzaha	1
Vir_N1_64_Ont_Opt	queries/xzahb	20
Vir_N1_64_Ont_Opt	queries/xzahc	3
Vir_N1_64_Ont_Opt	queries/xzahd	1
Vir_N1_64_Ont_Opt	queries/xzahe	1
Vir_N1_64_Ont_Opt	queries/xzahf	1
Vir_N1_64_Ont_Opt	queries/xzahg	1
Vir_N1_64_Ont_Opt	queries/xzahh	1
Vir_N1_64_Ont_Opt	queries/xzahi	1
Vir_N1_64_Ont_Opt	queries/xzahj	3
Vir_N1_64_Ont_Opt	queries/xzahk	0
Vir_N1_64_Ont_Opt	queries/xzahl	1
Vir_N1_64_Ont_Opt	queries/xzahm	1
Vir_N1_64_Ont_Opt	queries/xzahn	1
Vir_N1_64_Ont_Opt	queries/xzaho	1
Vir_N1_64_Ont_Opt	queries/xzahp	1
Vir_N1_64_Ont_Opt	queries/xzahq	0
Vir_N1_64_Ont_Opt	queries/xzahr	1
Vir_N1_64_Ont_Opt	queries/xzahs	1
Vir_N1_64_Ont_Opt	queries/xzaht	2
Vir_N1_64_Ont_Opt	queries/xzahu	1
Vir_N1_64_Ont_Opt	queries/xzahv	1
Vir_N1_64_Ont_Opt	queries/xzahw	1
Vir_N1_64_Ont_Opt	queries/xzahx	0
Vir_N1_64_Ont_Opt	queries/xzahy	5
Vir_N1_64_Ont_Opt	queries/xzahz	1
Vir_N1_64_Ont_Opt	queries/xzaia	1
Vir_N1_64_Ont_Opt	queries/xzaib	1
Vir_N1_64_Ont_Opt	queries/xzaic	0
Vir_N1_64_Ont_Opt	queries/xzaid	2
Vir_N1_64_Ont_Opt	queries/xzaie	1
Vir_N1_64_Ont_Opt	queries/xzaif	1
Vir_N1_64_Ont_Opt	queries/xzaig	1
Vir_N1_64_Ont_Opt	queries/xzaih	1
Vir_N1_64_Ont_Opt	queries/xzaii	1
Vir_N1_64_Ont_Opt	queries/xzaij	1
Vir_N1_64_Ont_Opt	queries/xzaik	1
Vir_N1_64_Ont_Opt	queries/xzail	1
Vir_N1_64_Ont_Opt	queries/xzaim	0
Vir_N1_64_Ont_Opt	queries/xzain	0
Vir_N1_64_Ont_Opt	queries/xzaio	1
Vir_N1_64_Ont_Opt	queries/xzaip	1
Vir_N1_64_Ont_Opt	queries/xzaiq	2
Vir_N1_64_Ont_Opt	queries/xzair	0
Vir_N1_64_Ont_Opt	queries/xzais	1
Vir_N1_64_Ont_Opt	queries/xzait	1
Vir_N1_64_Ont_Opt	queries/xzaiu	1
Vir_N1_64_Ont_Opt	queries/xzaiv	0
Vir_N1_64_Ont_Opt	queries/xzaiw	1
Vir_N1_64_Ont_Opt	queries/xzaix	1
Vir_N1_64_Ont_Opt	queries/xzaiy	1
Vir_N1_64_Ont_Opt	queries/xzaiz	0
Vir_N1_64_Ont_Opt	queries/xzaja	1
Vir_N1_64_Ont_Opt	queries/xzajb	1
Vir_N1_64_Ont_Opt	queries/xzajc	0
Vir_N1_64_Ont_Opt	queries/xzajd	1
Vir_N1_64_Ont_Opt	queries/xzaje	1
Vir_N1_64_Ont_Opt	queries/xzajf	1
Vir_N1_64_Ont_Opt	queries/xzajg	1
Vir_N1_64_Ont_Opt	queries/xzajh	1
Vir_N1_64_Ont_Opt	queries/xzaji	1
Vir_N1_64_Ont_Opt	queries/xzajj	0
Vir_N1_64_Ont_Opt	queries/xzajk	1
Vir_N1_64_Ont_Opt	queries/xzajl	4
Vir_N1_64_Ont_Opt	queries/xzajm	1
Vir_N1_64_Ont_Opt	queries/xzajn	1
Vir_N1_64_Ont_Opt	queries/xzajo	1001
Vir_N1_64_Ont_Opt	queries/xzajp	1
Vir_N1_64_Ont_Opt	queries/xzajq	1
Vir_N1_64_Ont_Opt	queries/xzajr	1001
Vir_N1_64_Ont_Opt	queries/xzajs	1
Vir_N1_64_Ont_Opt	queries/xzajt	0
Vir_N1_64_Ont_Opt	queries/xzaju	1
Vir_N1_64_Ont_Opt	queries/xzajv	2
Vir_N1_64_Ont_Opt	queries/xzajw	0
Vir_N1_64_Ont_Opt	queries/xzajx	1
Vir_N1_64_Ont_Opt	queries/xzajy	0
Vir_N1_64_Ont_Opt	queries/xzajz	1
Vir_N1_64_Ont_Opt	queries/xzaka	1
Vir_N1_64_Ont_Opt	queries/xzakb	1
Vir_N1_64_Ont_Opt	queries/xzakc	1
Vir_N1_64_Ont_Opt	queries/xzakd	1
Vir_N1_64_Ont_Opt	queries/xzake	1
Vir_N1_64_Ont_Opt	queries/xzakf	1
Vir_N1_64_Ont_Opt	queries/xzakg	0
Vir_N1_64_Ont_Opt	queries/xzakh	0
Vir_N1_64_Ont_Opt	queries/xzaki	1
Vir_N1_64_Ont_Opt	queries/xzakj	0
Vir_N1_64_Ont_Opt	queries/xzakk	0
Vir_N1_64_Ont_Opt	queries/xzakl	1
Vir_N1_64_Ont_Opt	queries/xzakm	2
Vir_N1_64_Ont_Opt	queries/xzakn	1
Vir_N1_64_Ont_Opt	queries/xzako	0
Vir_N1_64_Ont_Opt	queries/xzakp	0
Vir_N1_64_Ont_Opt	queries/xzakq	2
Vir_N1_64_Ont_Opt	queries/xzakr	1
Vir_N1_64_Ont_Opt	queries/xzaks	1
Vir_N1_64_Ont_Opt	queries/xzakt	1
Vir_N1_64_Ont_Opt	queries/xzaku	1
Vir_N1_64_Ont_Opt	queries/xzakv	1
Vir_N1_64_Ont_Opt	queries/xzakw	1
Vir_N1_64_Ont_Opt	queries/xzakx	0
Vir_N1_64_Ont_Opt	queries/xzaky	1
Vir_N1_64_Ont_Opt	queries/xzakz	0
Vir_N1_64_Ont_Opt	queries/xzala	1
Vir_N1_64_Ont_Opt	queries/xzalb	1
Vir_N1_64_Ont_Opt	queries/xzald	1
Vir_N1_64_Ont_Opt	queries/xzale	1
Vir_N1_64_Ont_Opt	queries/xzalf	0
Vir_N1_64_Ont_Opt	queries/xzalg	0
Vir_N1_64_Ont_Opt	queries/xzalh	1
Vir_N1_64_Ont_Opt	queries/xzali	1
Vir_N1_64_Ont_Opt	queries/xzalj	1
Vir_N1_64_Ont_Opt	queries/xzalk	1
Vir_N1_64_Ont_Opt	queries/xzall	1
Vir_N1_64_Ont_Opt	queries/xzalm	1
Vir_N1_64_Ont_Opt	queries/xzaln	0
Vir_N1_64_Ont_Opt	queries/xzalo	1
Vir_N1_64_Ont_Opt	queries/xzalp	0
Vir_N1_64_Ont_Opt	queries/xzalq	20
Vir_N1_64_Ont_Opt	queries/xzalr	0
Vir_N1_64_Ont_Opt	queries/xzals	1
Vir_N1_64_Ont_Opt	queries/xzalt	0
Vir_N1_64_Ont_Opt	queries/xzalu	1
Vir_N1_64_Ont_Opt	queries/xzalv	0
Vir_N1_64_Ont_Opt	queries/xzalw	1
Vir_N1_64_Ont_Opt	queries/xzalx	1
Vir_N1_64_Ont_Opt	queries/xzaly	1
Vir_N1_64_Ont_Opt	queries/xzalz	2
Vir_N1_64_Ont_Opt	queries/xzama	0
Vir_N1_64_Ont_Opt	queries/xzamb	1
Vir_N1_64_Ont_Opt	queries/xzamc	1
Vir_N1_64_Ont_Opt	queries/xzamd	1
Vir_N1_64_Ont_Opt	queries/xzame	1
Vir_N1_64_Ont_Opt	queries/xzamf	14
Vir_N1_64_Ont_Opt	queries/xzamg	1
Vir_N1_64_Ont_Opt	queries/xzamh	1
Vir_N1_64_Ont_Opt	queries/xzami	1
Vir_N1_64_Ont_Opt	queries/xzamj	1
Vir_N1_64_Ont_Opt	queries/xzamk	1
Vir_N1_64_Ont_Opt	queries/xzaml	0
Vir_N1_64_Ont_Opt	queries/xzamm	1
Vir_N1_64_Ont_Opt	queries/xzamn	1
Vir_N1_64_Ont_Opt	queries/xzamo	4
Vir_N1_64_Ont_Opt	queries/xzamp	0
Vir_N1_64_Ont_Opt	queries/xzamr	1
Vir_N1_64_Ont_Opt	queries/xzams	0
Vir_N1_64_Ont_Opt	queries/xzamt	1
Vir_N1_64_Ont_Opt	queries/xzamu	1
Vir_N1_64_Ont_Opt	queries/xzamv	1
Vir_N1_64_Ont_Opt	queries/xzamw	1
Vir_N1_64_Ont_Opt	queries/xzamx	0
Vir_N1_64_Ont_Opt	queries/xzamy	1
Vir_N1_64_Ont_Opt	queries/xzamz	1
Vir_N1_64_Ont_Opt	queries/xzana	1
Vir_N1_64_Ont_Opt	queries/xzanb	1
Vir_N1_64_Ont_Opt	queries/xzanc	1
Vir_N1_64_Ont_Opt	queries/xzand	1
Vir_N1_64_Ont_Opt	queries/xzane	1
Vir_N1_64_Ont_Opt	queries/xzanf	9
Vir_N1_64_Ont_Opt	queries/xzang	0
Vir_N1_64_Ont_Opt	queries/xzanh	1
Vir_N1_64_Ont_Opt	queries/xzani	1
Vir_N1_64_Ont_Opt	queries/xzanj	1
Vir_N1_64_Ont_Opt	queries/xzank	1
Vir_N1_64_Ont_Opt	queries/xzanl	0
Vir_N1_64_Ont_Opt	queries/xzanm	1
Vir_N1_64_Ont_Opt	queries/xzann	1
Vir_N1_64_Ont_Opt	queries/xzano	1
Vir_N1_64_Ont_Opt	queries/xzanp	2
Vir_N1_64_Ont_Opt	queries/xzanq	1
Vir_N1_64_Ont_Opt	queries/xzanr	3
Vir_N1_64_Ont_Opt	queries/xzans	1
Vir_N1_64_Ont_Opt	queries/xzant	1
Vir_N1_64_Ont_Opt	queries/xzanu	18
Vir_N1_64_Ont_Opt	queries/xzanv	1
Vir_N1_64_Ont_Opt	queries/xzanw	0
Vir_N1_64_Ont_Opt	queries/xzanx	0
Vir_N1_64_Ont_Opt	queries/xzany	1
Vir_N1_64_Ont_Opt	queries/xzanz	0
Vir_N1_64_Ont_Opt	queries/xzaoa	1
Vir_N1_64_Ont_Opt	queries/xzaob	1
Vir_N1_64_Ont_Opt	queries/xzaoc	1
Vir_N1_64_Ont_Opt	queries/xzaod	1
Vir_N1_64_Ont_Opt	queries/xzaoe	0
Vir_N1_64_Ont_Opt	queries/xzaof	1
Vir_N1_64_Ont_Opt	queries/xzaog	1
Vir_N1_64_Ont_Opt	queries/xzaoh	1
Vir_N1_64_Ont_Opt	queries/xzaoi	1
Vir_N1_64_Ont_Opt	queries/xzaoj	2
Vir_N1_64_Ont_Opt	queries/xzaok	1
Vir_N1_64_Ont_Opt	queries/xzaol	0
Vir_N1_64_Ont_Opt	queries/xzaom	4
Vir_N1_64_Ont_Opt	queries/xzaon	20
Vir_N1_64_Ont_Opt	queries/xzaoo	1
Vir_N1_64_Ont_Opt	queries/xzaop	1
Vir_N1_64_Ont_Opt	queries/xzaoq	1
Vir_N1_64_Ont_Opt	queries/xzaor	0
Vir_N1_64_Ont_Opt	queries/xzaos	1
Vir_N1_64_Ont_Opt	queries/xzaot	1
Vir_N1_64_Ont_Opt	queries/xzaou	1
Vir_N1_64_Ont_Opt	queries/xzaov	14
Vir_N1_64_Ont_Opt	queries/xzaow	1
Vir_N1_64_Ont_Opt	queries/xzaox	1
Vir_N1_64_Ont_Opt	queries/xzaoy	1
Vir_N1_64_Ont_Opt	queries/xzaoz	3
Vir_N1_64_Ont_Opt	queries/xzapa	0
Vir_N1_64_Ont_Opt	queries/xzapb	0
Vir_N1_64_Ont_Opt	queries/xzapc	1
Vir_N1_64_Ont_Opt	queries/xzapd	1
Vir_N1_64_Ont_Opt	queries/xzape	2
Vir_N1_64_Ont_Opt	queries/xzapf	0
Vir_N1_64_Ont_Opt	queries/xzapg	1
Vir_N1_64_Ont_Opt	queries/xzaph	1
Vir_N1_64_Ont_Opt	queries/xzapi	1
Vir_N1_64_Ont_Opt	queries/xzapj	0
Vir_N1_64_Ont_Opt	queries/xzapk	0
Vir_N1_64_Ont_Opt	queries/xzapl	3
Vir_N1_64_Ont_Opt	queries/xzapm	1
Vir_N1_64_Ont_Opt	queries/xzapn	1
Vir_N1_64_Ont_Opt	queries/xzapo	1
Vir_N1_64_Ont_Opt	queries/xzapp	1
Vir_N1_64_Ont_Opt	queries/xzapq	1
Vir_N1_64_Ont_Opt	queries/xzapr	1
Vir_N1_64_Ont_Opt	queries/xzaps	3
Vir_N1_64_Ont_Opt	queries/xzapt	1
Vir_N1_64_Ont_Opt	queries/xzapu	1
Vir_N1_64_Ont_Opt	queries/xzapv	0
Vir_N1_64_Ont_Opt	queries/xzapw	2
Vir_N1_64_Ont_Opt	queries/xzapy	0
Vir_N1_64_Ont_Opt	queries/xzapz	2
Vir_N1_64_Ont_Opt	queries/xzaqa	1
Vir_N1_64_Ont_Opt	queries/xzaqb	1
Vir_N1_64_Ont_Opt	queries/xzaqd	1
Vir_N1_64_Ont_Opt	queries/xzaqe	1
Vir_N1_64_Ont_Opt	queries/xzaqf	1
Vir_N1_64_Ont_Opt	queries/xzaqg	2
Vir_N1_64_Ont_Opt	queries/xzaqh	0
Vir_N1_64_Ont_Opt	queries/xzaqi	1
Vir_N1_64_Ont_Opt	queries/xzaqj	1
Vir_N1_64_Ont_Opt	queries/xzaqk	0
Vir_N1_64_Ont_Opt	queries/xzaql	1
Vir_N1_64_Ont_Opt	queries/xzaqm	1
Vir_N1_64_Ont_Opt	queries/xzaqn	1
Vir_N1_64_Ont_Opt	queries/xzaqo	1
Vir_N1_64_Ont_Opt	queries/xzaqp	0
Vir_N1_64_Ont_Opt	queries/xzaqq	2
Vir_N1_64_Ont_Opt	queries/xzaqr	1
Vir_N1_64_Ont_Opt	queries/xzaqs	1
Vir_N1_64_Ont_Opt	queries/xzaqt	1
Vir_N1_64_Ont_Opt	queries/xzaqu	1
Vir_N1_64_Ont_Opt	queries/xzaqv	1
Vir_N1_64_Ont_Opt	queries/xzaqw	0
Vir_N1_64_Ont_Opt	queries/xzaqx	0
Vir_N1_64_Ont_Opt	queries/xzaqy	1
Vir_N1_64_Ont_Opt	queries/xzaqz	1
Vir_N1_64_Ont_Opt	queries/xzara	1
Vir_N1_64_Ont_Opt	queries/xzarb	1
Vir_N1_64_Ont_Opt	queries/xzarc	3
Vir_N1_64_Ont_Opt	queries/xzard	1
Vir_N1_64_Ont_Opt	queries/xzare	1
Vir_N1_64_Ont_Opt	queries/xzarf	0
Vir_N1_64_Ont_Opt	queries/xzarg	1
Vir_N1_64_Ont_Opt	queries/xzarh	0
Vir_N1_64_Ont_Opt	queries/xzari	1
Vir_N1_64_Ont_Opt	queries/xzarj	0
Vir_N1_64_Ont_Opt	queries/xzark	1
Vir_N1_64_Ont_Opt	queries/xzarl	0
Vir_N1_64_Ont_Opt	queries/xzarm	1
Vir_N1_64_Ont_Opt	queries/xzarn	1
Vir_N1_64_Ont_Opt	queries/xzaro	0
Vir_N1_64_Ont_Opt	queries/xzarp	1
Vir_N1_64_Ont_Opt	queries/xzarq	1
Vir_N1_64_Ont_Opt	queries/xzarr	1
Vir_N1_64_Ont_Opt	queries/xzars	1
Vir_N1_64_Ont_Opt	queries/xzart	2
Vir_N1_64_Ont_Opt	queries/xzaru	1
Vir_N1_64_Ont_Opt	queries/xzarv	1
Vir_N1_64_Ont_Opt	queries/xzarw	1
Vir_N1_64_Ont_Opt	queries/xzarx	2
Vir_N1_64_Ont_Opt	queries/xzary	1
Vir_N1_64_Ont_Opt	queries/xzarz	1
Vir_N1_64_Ont_Opt	queries/xzasa	1
Vir_N1_64_Ont_Opt	queries/xzasb	1
Vir_N1_64_Ont_Opt	queries/xzasc	0
Vir_N1_64_Ont_Opt	queries/xzasd	1
Vir_N1_64_Ont_Opt	queries/xzase	1
Vir_N1_64_Ont_Opt	queries/xzasf	1
Vir_N1_64_Ont_Opt	queries/xzasg	1
Vir_N1_64_Ont_Opt	queries/xzash	1
Vir_N1_64_Ont_Opt	queries/xzasi	1
Vir_N1_64_Ont_Opt	queries/xzasj	2
Vir_N1_64_Ont_Opt	queries/xzask	0
Vir_N1_64_Ont_Opt	queries/xzasl	1
Vir_N1_64_Ont_Opt	queries/xzasm	1
Vir_N1_64_Ont_Opt	queries/xzasn	1
Vir_N1_64_Ont_Opt	queries/xzaso	1
Vir_N1_64_Ont_Opt	queries/xzasp	0
Vir_N1_64_Ont_Opt	queries/xzasq	1
Vir_N1_64_Ont_Opt	queries/xzasr	1
Vir_N1_64_Ont_Opt	queries/xzass	1
Vir_N1_64_Ont_Opt	queries/xzast	1
Vir_N1_64_Ont_Opt	queries/xzasu	1
Vir_N1_64_Ont_Opt	queries/xzasv	0
Vir_N1_64_Ont_Opt	queries/xzasw	1
Vir_N1_64_Ont_Opt	queries/xzasx	1
Vir_N1_64_Ont_Opt	queries/xzasy	6
Vir_N1_64_Ont_Opt	queries/xzasz	1
Vir_N1_64_Ont_Opt	queries/xzata	3
Vir_N1_64_Ont_Opt	queries/xzatb	1
Vir_N1_64_Ont_Opt	queries/xzatc	1
Vir_N1_64_Ont_Opt	queries/xzatd	1
Vir_N1_64_Ont_Opt	queries/xzate	4
Vir_N1_64_Ont_Opt	queries/xzatf	1
Vir_N1_64_Ont_Opt	queries/xzatg	1
Vir_N1_64_Ont_Opt	queries/xzath	1
Vir_N1_64_Ont_Opt	queries/xzati	3
Vir_N1_64_Ont_Opt	queries/xzatj	1
Vir_N1_64_Ont_Opt	queries/xzatk	0
Vir_N1_64_Ont_Opt	queries/xzatl	1
Vir_N1_64_Ont_Opt	queries/xzatm	1
Vir_N1_64_Ont_Opt	queries/xzatn	1
Vir_N1_64_Ont_Opt	queries/xzato	1
Vir_N1_64_Ont_Opt	queries/xzatp	0
Vir_N1_64_Ont_Opt	queries/xzatq	1
Vir_N1_64_Ont_Opt	queries/xzatr	1
Vir_N1_64_Ont_Opt	queries/xzats	1
Vir_N1_64_Ont_Opt	queries/xzatt	1
Vir_N1_64_Ont_Opt	queries/xzatu	0
Vir_N1_64_Ont_Opt	queries/xzatv	1
Vir_N1_64_Ont_Opt	queries/xzatw	1
Vir_N1_64_Ont_Opt	queries/xzatx	1
Vir_N1_64_Ont_Opt	queries/xzaty	1
Vir_N1_64_Ont_Opt	queries/xzatz	0
Vir_N1_64_Ont_Opt	queries/xzaua	1
Vir_N1_64_Ont_Opt	queries/xzaub	0
Vir_N1_64_Ont_Opt	queries/xzauc	1
Vir_N1_64_Ont_Opt	queries/xzaud	1
Vir_N1_64_Ont_Opt	queries/xzaue	1
Vir_N1_64_Ont_Opt	queries/xzauf	1
Vir_N1_64_Ont_Opt	queries/xzaug	1
Vir_N1_64_Ont_Opt	queries/xzauh	1
Vir_N1_64_Ont_Opt	queries/xzaui	0
Vir_N1_64_Ont_Opt	queries/xzauj	1
Vir_N1_64_Ont_Opt	queries/xzauk	18
Vir_N1_64_Ont_Opt	queries/xzaul	7
Vir_N1_64_Ont_Opt	queries/xzaum	1
Vir_N1_64_Ont_Opt	queries/xzaun	1
Vir_N1_64_Ont_Opt	queries/xzauo	0
Vir_N1_64_Ont_Opt	queries/xzaup	0
Vir_N1_64_Ont_Opt	queries/xzauq	1
Vir_N1_64_Ont_Opt	queries/xzaur	1
Vir_N1_64_Ont_Opt	queries/xzaus	1
Vir_N1_64_Ont_Opt	queries/xzaut	3
Vir_N1_64_Ont_Opt	queries/xzauu	1
Vir_N1_64_Ont_Opt	queries/xzauv	1
Vir_N1_64_Ont_Opt	queries/xzauw	1
Vir_N1_64_Ont_Opt	queries/xzaux	0
Vir_N1_64_Ont_Opt	queries/xzauy	1
Vir_N1_64_Ont_Opt	queries/xzauz	1
Vir_N1_64_Ont_Opt	queries/xzava	2
Vir_N1_64_Ont_Opt	queries/xzavb	1001
Vir_N1_64_Ont_Opt	queries/xzavc	0
Vir_N1_64_Ont_Opt	queries/xzavd	1
Vir_N1_64_Ont_Opt	queries/xzave	1
Vir_N1_64_Ont_Opt	queries/xzavf	0
Vir_N1_64_Ont_Opt	queries/xzavg	1
Vir_N1_64_Ont_Opt	queries/xzavh	1
Vir_N1_64_Ont_Opt	queries/xzavi	0
Vir_N1_64_Ont_Opt	queries/xzavj	1
Vir_N1_64_Ont_Opt	queries/xzavk	1
Vir_N1_64_Ont_Opt	queries/xzavl	1
Vir_N1_64_Ont_Opt	queries/xzavm	1
Vir_N1_64_Ont_Opt	queries/xzavn	1
Vir_N1_64_Ont_Opt	queries/xzavo	1
Vir_N1_64_Ont_Opt	queries/xzavp	1
Vir_N1_64_Ont_Opt	queries/xzavq	1
Vir_N1_64_Ont_Opt	queries/xzavr	0
Vir_N1_64_Ont_Opt	queries/xzavs	0
Vir_N1_64_Ont_Opt	queries/xzavt	1
Vir_N1_64_Ont_Opt	queries/xzavu	1
Vir_N1_64_Ont_Opt	queries/xzavv	0
Vir_N1_64_Ont_Opt	queries/xzavw	1
Vir_N1_64_Ont_Opt	queries/xzavx	1
Vir_N1_64_Ont_Opt	queries/xzavy	2
Vir_N1_64_Ont_Opt	queries/xzavz	2
Vir_N1_64_Ont_Opt	queries/xzawa	1
