xax	2
xqf	1
xxz	2
xzakz	1
xcn	2
xuu	1
xjz	2
xoe	2
xaj	2
xzabk	4
xwm	2
xzahu	2
xzahg	1
xzaqa	1
xzasr	1
xth	2
xzaby	2
xml	2
xup	1
xtz	2
xzaop	2
xzaev	14
xzaix	2
xnv	2
xxt	2
xzabd	2
xyy	2
xrv	2
xec	1
xzaff	1
xzaua	2
xzaqi	1
xzamf	2
xim	1
xmm	2
xzans	2
xep	1
xzaef	1
xtq	1
xzasq	1
xjw	2
xzauq	2
xzags	2
xzast	1
xir	2
xaa	2
xhy	1
xcp	1
xzadv	1
xzaut	2
xzakd	2
xuw	1
xcj	2
xty	2
xmz	1
xqm	14
xjr	2
xzacc	14
xzabl	1
xmi	1
xzath	1
xcu	14
xpl	1
xzape	2
xcb	2
xzaen	14
xzamv	2
xzads	12
xed	1
xrp	2
xji	2
xti	2
xkn	2
xzapw	2
xzatl	2
xzaon	2
xxm	2
xic	1
xzaec	1
xlw	1
xtn	2
xzaei	2
xzane	1
xqe	2
xdz	1
xoc	1
xzatj	2
xzacz	1
xbh	2
xzapd	2
xzaof	2
xyq	2
xgn	2
xzash	2
xbs	16
xzajn	1
xrd	1
xzauc	2
xnq	1
xuk	1
xvf	1
xzabo	2
xtx	2
xzafd	2
xkl	1
xzaik	1
xzack	1
xsh	1
xzatf	1
xzaru	2
xzagk	1
xfb	14
xtj	2
xzapn	2
xev	2
xqr	2
xzavp	2
xjf	2
xzava	2
xzahp	2
xzadi	1
xzaeg	4
xjl	1
xov	2
xui	1
xel	2
xzaib	1
xzafz	1
xzabn	1
xzacb	1
xoa	2
xpq	1
xzahf	1
xzaax	1
xfd	2
xzaii	1
xzauf	2
xio	1
xzaom	1
xjj	2
xzalu	2
xzaqo	2
xzagp	14
xzarp	2
xzaqf	2
xpy	2
xbo	2
xzapg	1
xfr	2
xzajo	1
xon	2
xzabr	1
xxi	1
xzago	2
xij	1
xzais	2
xcr	2
xzagh	12
xzadt	2
xzabp	2
xek	2
xzafi	2
xzahe	2
xuh	14
xqc	2
xzauk	1
xll	2
xcm	2
xzacq	1
xfm	1
xzaan	2
xko	2
xzanv	2
xzard	2
xlg	1
xzaps	1
xzagy	1
xzabc	1
xzata	1
xzaur	1
xbg	1
xqu	1
xjq	2
xzadw	1
xxl	1
xzasm	1
xzarn	1
xzalz	2
xzacx	2
xzagr	2
xzaux	2
xzato	1
xwc	2
xrx	2
xzagf	2
xbt	1
xxb	2
xlt	2
xzalb	2
xzamp	2
xbk	2
xgf	1
xzaum	1
xzatc	1
xgc	2
xzaey	1
xei	1
xaf	2
xcl	2
xxj	2
xzaav	1
xzaag	2
xsb	1
xzapj	2
xzapx	2
xwk	1
xfv	1
xzatv	14
xzajf	1
xny	1
xaw	1
xzaov	2
xie	2
xyd	2
xzahb	2
xpe	2
xvb	2
xzajq	2
xsj	2
xzacy	2
xho	2
xhz	2
xzaaq	14
xzady	14
xzaae	1
xtb	2
xvx	2
xzanu	1
xzaul	1
xpi	2
xzaqm	1
xzanf	1
xzaqj	2
xce	1
xzaqe	1
xzafa	2
xnz	1
xoi	1
xzasa	1
xzaco	2
xqs	1
xzace	7
xzasx	14
xly	2
xru	2
xwe	1
xfs	1
xzavk	2
xzahc	14
xzafc	2
xxe	1
xzaok	2
xvg	1
xzaoj	1
xyh	1
xjg	2
xke	14
xbx	14
xjo	2
xzabf	1
xzacm	2
xej	1
xbv	2
xdb	4
xyk	2
xzacs	2
xut	2
xxv	1
xqy	2
xzajk	2
xeo	1
xzabi	1
xzauw	2
xzagn	2
xzaal	2
xpc	2
xdy	1
xbn	2
xzani	2
xzalw	16
xyv	1
xot	2
xzahi	1
xnj	1
xzall	2
xzasb	1
xse	2
xzafn	1
xzatt	2
xtg	2
xih	14
xno	4
xzait	14
xzaod	2
xzasi	2
xcv	2
xng	2
xta	2
xzake	1
xjy	2
xzasd	1
xcy	1
xmv	2
xbj	1
xzakc	2
xyt	2
xrr	1
xfw	14
xzaaw	1
xod	2
xhx	2
xdl	2
xzaiw	14
xzalc	4
xne	2
xzadd	14
xzaki	1
xge	1
xmr	2
xzamb	2
xzatd	2
xjn	1
xzabb	2
xpw	1
xjp	14
xzaug	2
xds	2
xxf	14
xzand	2
xzaos	1
xkr	14
xsi	1
xzakw	1
xzakn	2
xak	2
xrj	2
xzaqy	14
xdp	2
xzaiq	1
xvp	2
xit	2
xzaeq	1
xhv	2
xuv	2
xzagu	2
xss	2
xzalk	2
xkf	1
xzafy	1
xfo	1
xzavl	1
xtu	2
xzaie	1
xzacu	2
xzami	1
xkk	1
xnn	2
xzasy	1
xzajs	2
xja	2
xkm	1
xmj	1
xzasf	14
xpr	2
xzaso	2
xol	2
xbp	14
xun	2
xpo	2
xhw	2
xfk	1
xzavw	2
xzavb	1
xni	2
xzaqv	2
xkh	2
xms	2
xzapq	2
xrc	2
xqd	2
xph	2
xyf	1
xrb	1
xjt	14
xkg	1
xwp	2
xzade	1
xvz	1
xzaci	2
xzaka	1
xkq	14
xzadc	2
xeu	2
xzahv	2
xde	1
xzaql	2
xzawa	2
xbu	1
xtk	2
xzauz	14
xzajd	2
xzagg	2
xzann	1
xzasj	2
xzass	2
xju	1
xuq	1
xzart	1
xzaer	1
xzaed	1
xmt	1
xzakb	1
xzaat	1
xzanm	2
xkp	2
xzaid	2
xgq	1
xea	1
xlh	1
xzada	1
xzagj	1
xfn	1
xeg	1
xgo	1
xme	2
xmc	1
xzavn	1
xzauu	14
xzabv	2
xzapp	2
xlk	2
xro	1
xzano	2
xsr	2
xzacr	1
xzaln	2
xqi	12
xyc	14
xzamy	1
xso	1
xsq	2
xhi	2
xzaqb	2
xwv	2
xxh	2
xzaas	1
xhr	2
xqp	2
xmd	2
xzafr	1
xmf	2
xxq	2
xiq	2
xzaha	1
xzaab	1
xgp	2
xzamw	2
xzaau	2
xer	2
xmg	1
xzahj	2
xkv	2
xzapc	1
xch	2
xzats	2
xcc	1
xxy	14
xzakf	14
xzavs	1
xcq	14
xzarw	1
xzaqn	2
xhu	2
xrn	12
xrm	1
xhq	2
xid	1
xfy	1
xif	2
xqx	2
xrw	1
xbz	1
xbm	2
xzara	14
xzatb	2
xzars	1
xzajm	1
xyu	1
xeb	2
xym	1
xgr	2
xul	2
xes	1
xdw	1
xxs	14
xbd	2
xnx	1
xzaes	1
xum	2
xzamr	2
xag	2
xvk	1
xgj	2
xbr	14
xzaet	1
xzaex	2
xzaej	2
xzals	4
xzabx	1
xzahl	2
xzapm	2
xof	2
xvn	2
xzaou	1
xzaiy	1
xzamt	2
xzaar	2
xcs	1
xpn	2
xzapo	1
xen	2
xpv	2
xre	2
xyn	2
xzadn	1
xzavt	2
xyw	2
xzaue	1
xzalq	1
xzarb	2
xzari	2
xnb	14
xzaqc	2
xck	2
xzaky	1
xry	1
xzany	1
xtf	1
xzalo	1
xve	1
xpa	1
xzauv	2
xzaoz	1
xzaio	1
xfg	1
xto	1
xzask	1
xzaje	2
xnc	2
xey	1
xzave	2
xxd	2
xzarm	1
xia	1
xzali	2
xzaeu	2
xef	2
xzaad	1
xzajr	1
xzafq	2
xzadf	4
xzapi	1
xvl	1
xus	1
xwz	2
xzamm	2
xzafs	2
xix	2
xht	2
xzaqt	1
xhk	2
xmq	14
xzams	2
xzakl	2
xzanh	2
xzagz	1
xqa	2
xrg	2
xzatr	2
xzarz	2
xzaep	2
xzark	2
xbe	2
xcf	1
xzahh	2
xje	2
xab	1
xzant	2
xzagl	1
xzaud	2
xom	14
xwb	2
xlo	1
xzaeh	2
xzahn	1
xzase	2
xxp	2
xcw	1
xzach	1
xga	2
xcd	2
xae	1
xzamc	2
xkx	2
xzamq	2
xqn	2
xzajb	2
xzahz	1
xdk	2
xex	2
