xzabk	1
xgx	1
xcr	1
xjy	1
xar	1
xmh	1
xft	1
xxk	1
xky	1
xcc	1
xaj	1
xpr	1
xzauk	1
xzalv	1
xzapw	1
xzanf	1
xtz	1
xjs	1
xzahj	1
xzaoz	1
xzaiu	1
xzabt	1
xzaui	1
xzabd	1
xyy	1
xzaps	1
xly	1
xzadx	1
xzaux	1
xds	1
xzadn	1
xzaif	1
xzagw	1
xjp	1
xzatw	1
xzalz	1
xym	1
xzacc	1
xzamh	1
xfe	1
xzagf	1
xao	1
xbd	1
xzart	1
xnx	1
xzaom	1
xzamp	1
xks	1
xzagu	1
xbr	1
xqu	1
xzaey	1
xaf	1
xtu	1
xzamg	1
xzaqr	1
xzahc	1
xzanj	1
xvt	1
xzaft	1
xzaag	1
xed	1
xmj	1
xzapj	1
xzapx	1
xzasb	1
xbp	1
xbz	1
xld	1
xle	1
xvh	1
xlw	1
xzaov	1
xkz	1
xzafj	1
xzata	1
xqd	1
xzaqc	1
xom	1
xff	1
xzaut	1
xbs	1
xzanu	1
xzadc	1
xzaul	1
xzamj	1
xzacv	1
xzail	1
xnz	1
xzava	1
xzagi	1
xzape	1
xzaad	1
xzasj	1
xzaiq	1
xzamf	1
xzaju	1
xmb	1
xwh	1
xmt	1
xzaat	1
xzasy	1
xzaid	1
xht	1
xzaoj	1
xyh	1
xzams	1
xjo	1
xzasg	1
xzabf	1
xeg	1
xej	1
xrg	1
xme	1
xel	1
xzale	1
xjl	1
xuh	1
xzaea	1
xhc	1
xzaln	1
xab	1
xzagn	1
xil	1
xzahw	1
xzasx	1
xga	1
xdp	1
xmd	1
xtt	1
xzamq	1
xih	1
xse	1
xdb	1
